2016-01-27,中成药,2
2016-01-27,元器件,1
2016-01-27,化纤,1
2016-01-27,区域地产,1
2016-01-27,机床制造,1
2016-01-27,通信设备,1
2016-01-29,电气设备,1
2016-02-01,全国地产,1
2016-02-05,医疗保健,1
2016-02-16,空运,1
2016-02-17,专用机械,1
2016-02-17,互联网,1
2016-02-17,出版业,1
2016-02-17,百货,1
2016-02-17,软件服务,1
2016-02-17,钢加工,1
2016-02-18,中成药,1
2016-02-18,全国地产,1
2016-02-18,塑料,1
2016-02-18,影视音像,1
2016-02-18,文教休闲,1
2016-02-18,旅游服务,1
2016-02-18,电气设备,1
2016-02-18,软件服务,1
2016-02-19,元器件,1
2016-02-19,建筑施工,1
2016-02-19,新型电力,1
2016-02-19,玻璃,1
2016-02-19,纺织,1
2016-02-22,元器件,1
2016-02-22,化工原料,1
2016-02-22,医疗保健,1
2016-02-22,影视音像,1
2016-02-22,日用化工,1
2016-02-22,港口,1
2016-02-22,软件服务,1
2016-02-22,铝,1
2016-02-24,供气供热,1
2016-02-24,化工原料,1
2016-02-24,园区开发,1
2016-02-24,建筑施工,1
2016-02-24,旅游服务,1
2016-02-24,汽车配件,1
2016-02-24,港口,1
2016-02-24,火力发电,1
2016-02-24,环境保护,1
2016-02-24,电器仪表,1
2016-02-24,石油开采,1
2016-02-24,船舶,1
2016-02-24,路桥,1
2016-02-24,软件服务,1
2016-02-24,通信设备,1
2016-02-25,供气供热,1
2016-02-25,家用电器,1
2016-02-25,服饰,1
2016-02-25,机械基件,1
2016-02-25,水务,1
2016-02-25,汽车整车,1
2016-02-25,汽车服务,1
2016-02-25,煤炭开采,1
2016-02-25,矿物制品,1
2016-02-26,水运,1
2016-02-26,汽车服务,1
2016-02-26,火力发电,1
2016-03-02,区域地产,1
2016-03-03,全国地产,2
2016-03-03,出版业,1
2016-03-03,区域地产,1
2016-03-03,航空,2
2016-03-04,区域地产,1
2016-03-04,煤炭开采,1
2016-03-07,化工机械,1
2016-03-07,小金属,1
2016-03-07,普钢,2
2016-03-08,水运,1
2016-03-08,煤炭开采,1
2016-03-08,特种钢,1
2016-03-09,文教休闲,1
2016-03-10,工程机械,1
2016-03-16,综合类,1
2016-03-17,区域地产,1
2016-03-21,证券,2
2016-03-21,路桥,1
2016-03-21,软件服务,1
2016-03-21,造纸,1
2016-03-21,食品,1
2016-03-22,保险,1
2016-03-22,化学制药,1
2016-03-22,综合类,1
2016-03-22,证券,1
2016-03-22,超市连锁,1
2016-03-23,化学制药,1
2016-03-23,火力发电,1
2016-03-23,证券,2
2016-03-24,工程机械,1
2016-03-24,新型电力,1
2016-03-24,汽车服务,1
2016-03-24,电气设备,1
2016-03-24,软件服务,1
2016-03-24,铜,1
2016-03-25,汽车配件,1
2016-03-28,专用机械,1
2016-03-28,公共交通,5
2016-03-28,广告包装,1
2016-03-28,影视音像,1
2016-03-28,文教休闲,1
2016-03-28,机场,1
2016-03-28,特种钢,1
2016-03-28,百货,1
2016-03-28,纺织,1
2016-03-28,酒店餐饮,1
2016-03-29,工程机械,1
2016-03-29,旅游景点,1
2016-03-29,服饰,1
2016-03-30,铝,1
2016-03-31,供气供热,1
2016-03-31,旅游服务,1
2016-03-31,港口,1
2016-03-31,电气设备,1
2016-03-31,综合类,1
2016-04-01,农药化肥,1
2016-04-01,港口,1
2016-04-01,航空,1
2016-04-05,证券,1
2016-04-06,中成药,1
2016-04-06,化学制药,1
2016-04-06,广告包装,1
2016-04-06,水力发电,1
2016-04-06,渔业,1
2016-04-06,火力发电,1
2016-04-06,石油加工,1
2016-04-06,软件服务,1
2016-04-06,运输设备,1
2016-04-06,铝,1
2016-04-07,专用机械,1
2016-04-07,农药化肥,1
2016-04-07,摩托车,1
2016-04-07,环境保护,1
2016-04-07,电气设备,2
2016-04-07,运输设备,1
2016-04-08,染料涂料,1
2016-04-08,电气设备,1
2016-04-08,百货,1
2016-04-11,专用机械,1
2016-04-11,化学制药,1
2016-04-11,医疗保健,1
2016-04-11,医药商业,1
2016-04-11,电气设备,1
2016-04-11,百货,1
2016-04-12,互联网,1
2016-04-12,农药化肥,1
2016-04-12,医药商业,1
2016-04-12,装修装饰,1
2016-04-13,仓储物流,3
2016-04-13,化学制药,1
2016-04-13,工程机械,1
2016-04-13,普钢,1
2016-04-13,水运,1
2016-04-13,火力发电,1
2016-04-13,焦炭加工,1
2016-04-13,煤炭开采,1
2016-04-13,电气设备,1
2016-04-13,纺织,1
2016-04-13,钢加工,1
2016-04-14,医药商业,1
2016-04-14,水务,1
2016-04-14,港口,1
2016-04-14,火力发电,1
2016-04-14,石油开采,1
2016-04-14,纺织,2
2016-04-14,铝,1
2016-04-15,农用机械,1
2016-04-15,化纤,1
2016-04-15,区域地产,1
2016-04-15,多元金融,2
2016-04-15,服饰,1
2016-04-15,生物制药,1
2016-04-15,电气设备,1
2016-04-15,电脑设备,1
2016-04-15,纺织,1
2016-04-15,综合类,2
2016-04-15,食品,1
2016-04-18,出版业,1
2016-04-18,化工原料,1
2016-04-18,化纤,1
2016-04-18,家居用品,1
2016-04-19,建筑施工,1
2016-04-19,水泥,1
2016-04-19,水运,1
2016-04-19,汽车配件,1
2016-04-19,环境保护,1
2016-04-19,种植业,1
2016-04-19,黄金,1
2016-04-20,区域地产,1
2016-04-20,园区开发,1
2016-04-20,种植业,1
2016-04-20,红黄药酒,1
2016-04-21,农业综合,1
2016-04-21,普钢,1
2016-04-21,汽车配件,1
2016-04-21,煤炭开采,2
2016-04-22,装修装饰,1
2016-04-25,火力发电,1
2016-04-25,软件服务,1
2016-04-27,商贸代理,1
2016-04-28,黄金,1
2016-04-29,啤酒,1
2016-05-03,纺织,1
2016-05-04,综合类,1
2016-05-04,黄金,1
2016-05-05,化工原料,2
2016-05-05,医药商业,1
2016-05-05,半导体,1
2016-05-05,饲料,1
2016-05-06,汽车配件,1
2016-05-06,生物制药,1
2016-05-06,白酒,1
2016-05-06,通信设备,1
2016-05-06,食品,1
2016-05-09,电气设备,1
2016-05-11,空运,1
2016-05-12,乳制品,1
2016-05-17,公共交通,1
2016-05-25,小金属,1
2016-05-26,食品,1
2016-06-01,专用机械,1
2016-06-01,家用电器,1
2016-06-01,小金属,2
2016-06-01,电器仪表,1
2016-06-03,中成药,1
2016-06-03,家用电器,1
2016-06-03,煤炭开采,1
2016-06-03,玻璃,1
2016-06-06,软件服务,1
2016-06-06,造纸,1
2016-06-07,区域地产,1
2016-06-07,家用电器,1
2016-06-08,汽车配件,2
2016-06-14,其他商业,1
2016-06-14,商贸代理,1
2016-06-16,专用机械,2
2016-06-16,元器件,1
2016-06-16,汽车配件,1
2016-06-16,电气设备,2
2016-06-16,纺织,1
2016-06-17,广告包装,1
2016-06-17,纺织,1
2016-06-17,运输设备,1
2016-06-20,元器件,1
2016-06-20,化纤,1
2016-06-21,元器件,1
2016-06-21,机械基件,1
2016-06-27,半导体,1
2016-06-27,园区开发,1
2016-06-27,软件服务,1
2016-06-28,汽车整车,1
2016-06-29,专用机械,1
2016-06-29,半导体,1
2016-06-29,塑料,1
2016-06-29,汽车配件,1
2016-06-29,路桥,1
2016-06-30,专用机械,1
2016-06-30,化工原料,1
2016-07-01,化工原料,1
2016-07-01,旅游景点,1
2016-07-01,汽车配件,1
2016-07-01,软件服务,1
2016-07-04,建筑施工,1
2016-07-04,玻璃,1
2016-07-05,化学制药,1
2016-07-05,商贸代理,1
2016-07-05,家用电器,1
2016-07-05,航空,3
2016-07-05,软件服务,1
2016-07-05,通信设备,2
2016-07-06,农业综合,1
2016-07-06,电器仪表,1
2016-07-06,电脑设备,1
2016-07-07,专用机械,1
2016-07-07,中成药,2
2016-07-07,半导体,1
2016-07-07,小金属,2
2016-07-07,建筑施工,1
2016-07-07,服饰,1
2016-07-07,染料涂料,1
2016-07-07,水力发电,1
2016-07-07,汽车整车,1
2016-07-07,电器仪表,2
2016-07-07,电气设备,1
2016-07-07,白酒,1
2016-07-07,百货,1
2016-07-07,饲料,1
2016-07-07,黄金,1
2016-07-08,元器件,1
2016-07-08,电气设备,1
2016-07-08,百货,1
2016-07-11,专用机械,2
2016-07-11,元器件,1
2016-07-11,化工原料,2
2016-07-11,半导体,1
2016-07-11,商贸代理,1
2016-07-11,塑料,1
2016-07-11,小金属,3
2016-07-11,汽车配件,1
2016-07-11,港口,1
2016-07-11,白酒,4
2016-07-11,综合类,1
2016-07-11,航空,1
2016-07-11,通信设备,1
2016-07-11,黄金,2
2016-07-12,元器件,1
2016-07-12,汽车配件,1
2016-07-12,白酒,1
2016-07-12,空运,1
2016-07-12,黄金,1
2016-07-13,专用机械,1
2016-07-13,农业综合,1
2016-07-13,小金属,1
2016-07-13,服饰,1
2016-07-14,半导体,1
2016-07-14,白酒,1
2016-07-14,综合类,1
2016-07-15,元器件,1
2016-07-15,其他建材,1
2016-07-15,玻璃,1
2016-07-15,电气设备,1
2016-07-18,铅锌,1
2016-07-18,食品,1
2016-07-18,黄金,1
2016-07-19,服饰,1
2016-07-19,汽车配件,1
2016-07-20,出版业,1
2016-07-20,化工原料,1
2016-07-20,染料涂料,1
2016-07-21,半导体,1
2016-07-21,电气设备,1
2016-07-21,通信设备,1
2016-07-22,区域地产,1
2016-07-22,建筑施工,1
2016-07-25,专用机械,1
2016-07-25,元器件,1
2016-07-25,区域地产,1
2016-07-25,半导体,1
2016-07-25,园区开发,1
2016-07-25,影视音像,1
2016-07-25,汽车配件,1
2016-07-25,综合类,1
2016-07-25,软件服务,1
2016-07-25,通信设备,1
2016-07-26,医疗保健,1
2016-07-26,半导体,1
2016-07-27,半导体,1
2016-07-27,影视音像,1
2016-07-27,电气设备,1
2016-07-27,百货,1
2016-07-27,通信设备,1
2016-07-28,电脑设备,1
2016-07-28,空运,2
2016-07-29,中成药,2
2016-07-29,化工原料,1
2016-07-29,家用电器,1
2016-07-29,汽车整车,1
2016-08-01,化工原料,1
2016-08-03,中成药,1
2016-08-03,商贸代理,1
2016-08-04,路桥,1
2016-08-08,生物制药,1
2016-08-08,软件服务,1
2016-08-09,区域地产,2
2016-08-10,全国地产,1
2016-08-10,生物制药,1
2016-08-12,水力发电,1
2016-08-15,出版业,1
2016-08-15,商贸代理,1
2016-08-15,园区开发,1
2016-08-15,服饰,1
2016-08-15,火力发电,1
2016-08-15,电气设备,1
2016-08-15,通信设备,1
2016-08-15,银行,1
2016-08-16,互联网,1
2016-08-16,仓储物流,1
2016-08-16,全国地产,1
2016-08-16,公路,1
2016-08-16,出版业,1
2016-08-16,区域地产,1
2016-08-16,水力发电,3
2016-08-16,矿物制品,1
2016-08-16,综合类,1
2016-08-16,证券,2
2016-08-16,路桥,1
2016-08-16,软件服务,2
2016-08-16,食品,1
2016-08-17,区域地产,1
2016-08-17,摩托车,1
2016-08-17,汽车整车,1
2016-08-17,通信设备,1
2016-08-18,全国地产,1
2016-08-18,区域地产,3
2016-08-18,百货,1
2016-08-19,化工原料,1
2016-08-19,商贸代理,1
2016-08-19,多元金融,1
2016-08-19,玻璃,1
2016-08-19,百货,1
2016-08-19,食品,1
2016-08-22,乳制品,1
2016-08-22,化学制药,1
2016-08-22,医疗保健,1
2016-08-22,商贸代理,1
2016-08-22,影视音像,1
2016-08-22,通信设备,1
2016-08-23,化学制药,1
2016-08-23,园区开发,1
2016-08-23,家居用品,1
2016-08-23,通信设备,1
2016-08-24,全国地产,1
2016-08-24,文教休闲,1
2016-08-24,银行,1
2016-08-25,商贸代理,1
2016-08-25,影视音像,1
2016-08-25,通信设备,1
2016-08-26,中成药,1
2016-08-29,元器件,1
2016-08-29,出版业,1
2016-08-29,商贸代理,1
2016-08-30,影视音像,1
2016-08-30,软件服务,1
2016-08-30,造纸,1
2016-08-31,中成药,1
2016-08-31,供气供热,1
2016-08-31,机床制造,1
2016-08-31,电气设备,1
2016-09-01,中成药,1
2016-09-01,化学制药,1
2016-09-02,区域地产,1
2016-09-02,电脑设备,1
2016-09-06,影视音像,1
2016-09-06,水务,1
2016-09-07,医药商业,1
2016-09-07,建筑施工,3
2016-09-07,水务,2
2016-09-07,环境保护,2
2016-09-07,矿物制品,1
2016-09-08,化学制药,1
2016-09-08,园区开发,1
2016-09-08,水务,1
2016-09-08,环境保护,1
2016-09-09,中成药,1
2016-09-09,医药商业,1
2016-09-09,汽车整车,1
2016-09-09,汽车配件,1
2016-09-09,航空,1
2016-09-09,通信设备,1
2016-09-13,建筑施工,1
2016-09-13,旅游景点,1
2016-09-13,环境保护,1
2016-09-13,电气设备,1
2016-09-14,化工原料,1
2016-09-14,半导体,1
2016-09-14,普钢,1
2016-09-14,纺织,1
2016-09-19,元器件,1
2016-09-19,影视音像,1
2016-09-20,区域地产,1
2016-09-20,汽车配件,1
2016-09-20,焦炭加工,1
2016-09-20,电气设备,1
2016-09-20,陶瓷,1
2016-09-21,家居用品,1
2016-09-22,化工原料,1
2016-09-22,区域地产,1
2016-09-22,汽车服务,1
2016-09-22,饲料,1
2016-09-23,多元金融,2
2016-09-23,百货,1
2016-09-26,影视音像,1
2016-09-28,全国地产,1
2016-09-28,区域地产,2
2016-09-29,软件服务,1
2016-09-30,乳制品,1
2016-10-11,化学制药,1
2016-10-11,半导体,1
2016-10-11,软件服务,2
2016-10-11,酒店餐饮,1
2016-10-12,化学制药,1
2016-10-12,电气设备,1
2016-10-12,通信设备,1
2016-10-13,专用机械,1
2016-10-13,中成药,1
2016-10-13,建筑施工,1
2016-10-13,电气设备,1
2016-10-14,全国地产,1
2016-10-14,化工机械,1
2016-10-14,机械基件,1
2016-10-14,煤炭开采,1
2016-10-17,出版业,1
2016-10-17,新型电力,1
2016-10-17,水务,1
2016-10-18,化学制药,1
2016-10-18,电气设备,1
2016-10-19,旅游服务,1
2016-10-19,机械基件,1
2016-10-20,水务,1
2016-10-20,电脑设备,1
2016-10-20,通信设备,1
2016-10-21,元器件,1
2016-10-21,电脑设备,1
2016-10-24,全国地产,1
2016-10-24,多元金融,1
2016-10-24,水力发电,1
2016-10-25,煤炭开采,3
2016-10-25,通信设备,1
2016-10-25,酒店餐饮,1
2016-10-26,农业综合,1
2016-10-26,家居用品,1
2016-10-26,水力发电,1
2016-10-26,环境保护,1
2016-10-27,专用机械,1
2016-10-27,区域地产,1
2016-10-27,旅游服务,1
2016-10-27,焦炭加工,1
2016-10-28,化工原料,1
2016-10-28,建筑施工,1
2016-10-28,水力发电,2
2016-10-28,水泥,1
2016-10-28,运输设备,1
2016-11-01,化学制药,1
2016-11-01,广告包装,1
2016-11-01,建筑施工,1
2016-11-01,纺织,1
2016-11-01,通信设备,1
2016-11-02,专用机械,1
2016-11-02,元器件,1
2016-11-02,全国地产,1
2016-11-02,区域地产,1
2016-11-02,医药商业,1
2016-11-02,服饰,1
2016-11-02,银行,1
2016-11-03,互联网,1
2016-11-03,农业综合,1
2016-11-03,农药化肥,1
2016-11-03,化学制药,1
2016-11-03,区域地产,1
2016-11-03,家居用品,1
2016-11-03,建筑施工,1
2016-11-03,旅游服务,1
2016-11-03,环境保护,1
2016-11-03,综合类,1
2016-11-03,软件服务,1
2016-11-04,中成药,1
2016-11-04,仓储物流,2
2016-11-04,家用电器,1
2016-11-04,水运,1
2016-11-04,焦炭加工,1
2016-11-04,百货,1
2016-11-04,综合类,1
2016-11-04,运输设备,1
2016-11-04,铅锌,1
2016-11-07,农药化肥,1
2016-11-07,出版业,1
2016-11-07,渔业,1
2016-11-07,煤炭开采,2
2016-11-07,食品,1
2016-11-08,专用机械,1
2016-11-08,元器件,1
2016-11-08,商贸代理,1
2016-11-08,影视音像,1
2016-11-08,电气设备,1
2016-11-08,食品,2
2016-11-09,汽车配件,1
2016-11-10,专用机械,1
2016-11-10,其他建材,1
2016-11-10,农药化肥,1
2016-11-10,化工原料,1
2016-11-10,家居用品,2
2016-11-10,建筑施工,1
2016-11-10,普钢,1
2016-11-10,机械基件,1
2016-11-10,生物制药,1
2016-11-10,电气设备,1
2016-11-10,矿物制品,1
2016-11-11,供气供热,1
2016-11-11,元器件,1
2016-11-11,其他商业,1
2016-11-11,化工原料,1
2016-11-11,区域地产,1
2016-11-11,医疗保健,2
2016-11-11,医药商业,1
2016-11-11,建筑施工,1
2016-11-11,汽车配件,1
2016-11-11,电气设备,1
2016-11-11,红黄药酒,1
2016-11-11,软件服务,2
2016-11-11,通信设备,1
2016-11-11,铝,1
2016-11-14,供气供热,1
2016-11-14,元器件,2
2016-11-14,塑料,1
2016-11-14,工程机械,1
2016-11-14,普钢,1
2016-11-14,服饰,1
2016-11-14,机械基件,2
2016-11-14,焦炭加工,2
2016-11-14,煤炭开采,5
2016-11-14,电气设备,1
2016-11-14,矿物制品,1
2016-11-14,装修装饰,1
2016-11-14,证券,5
2016-11-14,铝,1
2016-11-14,银行,2
2016-11-15,仓储物流,1
2016-11-15,供气供热,1
2016-11-15,医药商业,1
2016-11-15,商贸代理,1
2016-11-15,塑料,1
2016-11-15,影视音像,1
2016-11-15,机械基件,1
2016-11-15,水运,1
2016-11-15,百货,1
2016-11-15,钢加工,1
2016-11-15,铜,1
2016-11-16,供气供热,1
2016-11-16,农药化肥,1
2016-11-16,出版业,1
2016-11-16,商贸代理,1
2016-11-16,园区开发,1
2016-11-16,港口,1
2016-11-16,路桥,1
2016-11-16,软件服务,1
2016-11-17,互联网,1
2016-11-17,其他建材,1
2016-11-17,区域地产,1
2016-11-17,水运,2
2016-11-17,港口,1
2016-11-17,百货,2
2016-11-18,中成药,2
2016-11-18,园区开发,1
2016-11-18,建筑施工,2
2016-11-18,纺织,1
2016-11-18,银行,1
2016-11-21,保险,1
2016-11-21,元器件,1
2016-11-21,化工原料,2
2016-11-21,广告包装,1
2016-11-21,水力发电,1
2016-11-21,路桥,1
2016-11-21,铜,1
2016-11-22,专用机械,2
2016-11-22,中成药,4
2016-11-22,元器件,1
2016-11-22,全国地产,1
2016-11-22,农用机械,1
2016-11-22,医药商业,1
2016-11-22,建筑施工,1
2016-11-22,水力发电,1
2016-11-22,汽车配件,1
2016-11-22,煤炭开采,1
2016-11-22,玻璃,1
2016-11-22,电气设备,4
2016-11-22,石油加工,1
2016-11-22,路桥,1
2016-11-22,通信设备,1
2016-11-22,钢加工,1
2016-11-23,专用机械,1
2016-11-23,乳制品,1
2016-11-23,互联网,1
2016-11-23,公共交通,1
2016-11-23,农用机械,1
2016-11-23,化学制药,1
2016-11-23,商贸代理,1
2016-11-23,小金属,1
2016-11-23,旅游服务,1
2016-11-23,生物制药,1
2016-11-23,电器仪表,1
2016-11-23,百货,2
2016-11-24,中成药,1
2016-11-24,供气供热,1
2016-11-24,元器件,1
2016-11-24,化工原料,2
2016-11-24,商贸代理,1
2016-11-24,家用电器,1
2016-11-24,影视音像,1
2016-11-24,服饰,1
2016-11-24,水力发电,2
2016-11-24,煤炭开采,1
2016-11-24,百货,2
2016-11-24,纺织,2
2016-11-24,造纸,1
2016-11-25,专用机械,1
2016-11-25,仓储物流,2
2016-11-25,全国地产,1
2016-11-25,出版业,1
2016-11-25,区域地产,1
2016-11-25,多元金融,1
2016-11-25,小金属,1
2016-11-25,生物制药,1
2016-11-25,百货,1
2016-11-25,石油贸易,1
2016-11-25,装修装饰,1
2016-11-25,软饮料,1
2016-11-28,专用机械,1
2016-11-28,保险,1
2016-11-28,农药化肥,1
2016-11-28,医药商业,1
2016-11-28,建筑施工,1
2016-11-28,机械基件,1
2016-11-28,汽车整车,1
2016-11-28,煤炭开采,1
2016-11-28,玻璃,1
2016-11-28,电气设备,1
2016-11-28,纺织,1
2016-11-28,综合类,1
2016-11-28,证券,1
2016-11-28,铅锌,1
2016-11-28,银行,2
2016-11-29,中成药,1
2016-11-29,其他建材,1
2016-11-29,农业综合,1
2016-11-29,医疗保健,1
2016-11-29,园区开发,1
2016-11-29,建筑施工,5
2016-11-29,文教休闲,1
2016-11-29,机场,1
2016-11-29,水泥,1
2016-11-29,汽车整车,1
2016-11-29,汽车配件,2
2016-11-29,电信运营,1
2016-11-29,电气设备,1
2016-11-29,百货,1
2016-11-29,路桥,1
2016-11-29,软件服务,1
2016-11-29,铅锌,1
2016-11-30,全国地产,1
2016-11-30,建筑施工,1
2016-11-30,批发业,1
2016-11-30,汽车配件,2
2016-11-30,证券,2
2016-11-30,运输设备,1
2016-12-01,乳制品,1
2016-12-01,全国地产,1
2016-12-01,化工原料,1
2016-12-01,区域地产,1
2016-12-01,园区开发,1
2016-12-01,多元金融,1
2016-12-01,广告包装,1
2016-12-01,百货,1
2016-12-01,软件服务,1
2016-12-01,食品,1
2016-12-02,中成药,1
2016-12-02,全国地产,1
2016-12-02,建筑施工,1
2016-12-02,机场,1
2016-12-02,火力发电,2
2016-12-02,电气设备,1
2016-12-02,百货,1
2016-12-02,石油开采,1
2016-12-02,红黄药酒,1
2016-12-02,证券,1
2016-12-02,钢加工,2
2016-12-05,化工原料,1
2016-12-05,石油开采,1
2016-12-06,塑料,1
2016-12-07,中成药,2
2016-12-07,医药商业,1
2016-12-07,普钢,1
2016-12-07,水运,1
2016-12-08,建筑施工,1
2016-12-08,旅游景点,1
2016-12-08,服饰,2
2016-12-08,电脑设备,1
2016-12-08,种植业,1
2016-12-08,银行,1
2016-12-09,中成药,2
2016-12-09,化工原料,1
2016-12-09,区域地产,1
2016-12-09,医疗保健,1
2016-12-09,百货,1
2016-12-09,纺织机械,1
2016-12-09,钢加工,1
2016-12-09,银行,1
2016-12-12,保险,1
2016-12-12,家居用品,1
2016-12-12,普钢,1
2016-12-12,服饰,1
2016-12-12,水运,1
2016-12-12,百货,1
2016-12-12,银行,4
2016-12-13,仓储物流,1
2016-12-13,元器件,1
2016-12-13,园区开发,1
2016-12-13,火力发电,1
2016-12-13,红黄药酒,1
2016-12-14,服饰,2
2016-12-14,石油开采,1
2016-12-14,纺织,1
2016-12-14,银行,1
2016-12-15,医疗保健,1
2016-12-15,家用电器,1
2016-12-15,机械基件,1
2016-12-15,种植业,1
2016-12-15,红黄药酒,1
2016-12-15,证券,1
2016-12-16,仓储物流,1
2016-12-16,商品城,1
2016-12-16,商贸代理,2
2016-12-16,汽车配件,1
2016-12-16,电气设备,1
2016-12-16,钢加工,1
2016-12-19,农业综合,1
2016-12-19,出版业,1
2016-12-19,文教休闲,1
2016-12-19,种植业,1
2016-12-20,专用机械,1
2016-12-20,全国地产,1
2016-12-20,区域地产,1
2016-12-20,服饰,1
2016-12-20,造纸,1
2016-12-21,化工原料,1
2016-12-21,服饰,1
2016-12-21,机床制造,1
2016-12-21,橡胶,1
2016-12-21,超市连锁,1
2016-12-21,通信设备,1
2016-12-22,机械基件,1
2016-12-22,百货,1
2016-12-23,化工原料,2
2016-12-23,家用电器,1
2016-12-23,电信运营,1
2016-12-23,船舶,1
2016-12-23,超市连锁,1
2016-12-26,仓储物流,1
2016-12-26,汽车配件,1
2016-12-26,食品,1
2016-12-27,化学制药,1
2016-12-27,文教休闲,1
2016-12-27,纺织机械,1
2016-12-27,综合类,1
2016-12-27,软件服务,1
2016-12-28,化工原料,1
2016-12-28,建筑施工,1
2016-12-28,摩托车,1
2016-12-28,汽车配件,1
2016-12-28,电气设备,1
2016-12-28,装修装饰,1
2016-12-29,商品城,1
2016-12-29,软件服务,1
2016-12-30,农药化肥,1
2016-12-30,软饮料,1
2016-12-30,钢加工,1
2017-01-03,专用机械,1
2017-01-03,供气供热,1
2017-01-03,机械基件,1
2017-01-03,铜,1
2017-01-04,家居用品,1
2017-01-04,影视音像,1
2017-01-04,普钢,1
2017-01-04,电气设备,1
2017-01-04,红黄药酒,1
2017-01-05,专用机械,1
2017-01-05,农药化肥,3
2017-01-05,化纤,1
2017-01-05,工程机械,1
2017-01-05,林业,1
2017-01-05,染料涂料,1
2017-01-05,汽车服务,1
2017-01-05,纺织机械,1
2017-01-05,综合类,1
2017-01-05,造纸,1
2017-01-05,铁路,2
2017-01-05,黄金,1
2017-01-06,全国地产,1
2017-01-06,农药化肥,2
2017-01-06,化工原料,1
2017-01-06,摩托车,1
2017-01-06,新型电力,1
2017-01-06,服饰,1
2017-01-06,机床制造,1
2017-01-06,水力发电,1
2017-01-06,汽车配件,1
2017-01-06,石油加工,1
2017-01-06,红黄药酒,1
2017-01-06,综合类,1
2017-01-06,路桥,1
2017-01-06,钢加工,1
2017-01-06,铁路,1
2017-01-09,供气供热,1
2017-01-09,家用电器,1
2017-01-09,建筑施工,1
2017-01-09,日用化工,1
2017-01-09,汽车配件,1
2017-01-09,电气设备,1
2017-01-09,综合类,1
2017-01-09,运输设备,2
2017-01-10,农药化肥,1
2017-01-10,化工原料,2
2017-01-10,商贸代理,1
2017-01-10,百货,1
2017-01-10,空运,1
2017-01-11,仓储物流,1
2017-01-11,机械基件,1
2017-01-11,汽车配件,1
2017-01-11,百货,1
2017-01-11,食品,1
2017-01-12,环境保护,1
2017-01-12,百货,1
2017-01-12,通信设备,1
2017-01-12,铜,1
2017-01-13,电气设备,1
2017-01-16,区域地产,1
2017-01-16,食品,1
2017-01-17,区域地产,1
2017-01-17,影视音像,1
2017-01-17,服饰,1
2017-01-17,汽车配件,1
2017-01-19,区域地产,1
2017-01-19,水运,1
2017-01-20,园区开发,1
2017-01-24,工程机械,1
2017-01-24,汽车配件,1
2017-01-24,石油开采,1
2017-01-26,石油加工,1
2017-02-03,互联网,1
2017-02-03,区域地产,1
2017-02-03,多元金融,1
2017-02-03,机械基件,1
2017-02-06,化学制药,1
2017-02-06,医药商业,1
2017-02-06,广告包装,1
2017-02-06,种植业,1
2017-02-07,农用机械,1
2017-02-07,出版业,1
2017-02-07,汽车整车,1
2017-02-07,石油贸易,1
2017-02-08,火力发电,1
2017-02-08,航空,1
2017-02-09,医疗保健,1
2017-02-09,啤酒,1
2017-02-09,林业,1
2017-02-09,汽车整车,1
2017-02-09,汽车配件,2
2017-02-09,红黄药酒,1
2017-02-10,工程机械,2
2017-02-10,水泥,3
2017-02-10,渔业,1
2017-02-10,玻璃,1
2017-02-10,石油开采,1
2017-02-10,船舶,1
2017-02-13,中成药,1
2017-02-13,保险,1
2017-02-13,元器件,1
2017-02-13,农业综合,1
2017-02-13,化纤,1
2017-02-13,区域地产,1
2017-02-13,啤酒,1
2017-02-13,工程机械,1
2017-02-13,普钢,2
2017-02-13,电气设备,1
2017-02-13,铅锌,2
2017-02-14,多元金融,1
2017-02-14,建筑施工,2
2017-02-14,橡胶,1
2017-02-14,水泥,2
2017-02-14,汽车整车,1
2017-02-14,汽车配件,1
2017-02-14,特种钢,1
2017-02-14,软件服务,1
2017-02-14,造纸,1
2017-02-14,铝,1
2017-02-15,供气供热,1
2017-02-15,公路,1
2017-02-15,农药化肥,1
2017-02-15,商贸代理,1
2017-02-15,塑料,1
2017-02-15,工程机械,1
2017-02-15,广告包装,1
2017-02-15,建筑施工,2
2017-02-15,普钢,2
2017-02-15,汽车配件,2
2017-02-15,火力发电,1
2017-02-15,玻璃,1
2017-02-15,纺织机械,1
2017-02-15,装修装饰,2
2017-02-15,铝,1
2017-02-15,饲料,1
2017-02-16,专用机械,1
2017-02-16,元器件,1
2017-02-16,化工原料,1
2017-02-16,多元金融,1
2017-02-16,广告包装,1
2017-02-16,港口,1
2017-02-16,火力发电,3
2017-02-16,电气设备,1
2017-02-16,造纸,1
2017-02-16,银行,1
2017-02-17,专用机械,1
2017-02-17,出版业,1
2017-02-17,化工原料,1
2017-02-17,园区开发,1
2017-02-17,建筑施工,1
2017-02-17,机械基件,2
2017-02-17,林业,1
2017-02-17,汽车配件,3
2017-02-17,煤炭开采,1
2017-02-17,环境保护,1
2017-02-17,航空,1
2017-02-17,船舶,1
2017-02-17,证券,2
2017-02-17,造纸,1
2017-02-17,钢加工,1
2017-02-17,陶瓷,1
2017-02-20,农药化肥,1
2017-02-20,化工原料,1
2017-02-20,化纤,1
2017-02-20,家用电器,1
2017-02-20,电气设备,1
2017-02-20,超市连锁,1
2017-02-20,路桥,1
2017-02-20,造纸,1
2017-02-20,银行,1
2017-02-20,食品,1
2017-02-21,专用机械,2
2017-02-21,供气供热,1
2017-02-21,农药化肥,1
2017-02-21,化学制药,2
2017-02-21,化工原料,2
2017-02-21,半导体,1
2017-02-21,塑料,1
2017-02-21,家居用品,2
2017-02-21,家用电器,1
2017-02-21,小金属,2
2017-02-21,工程机械,1
2017-02-21,建筑施工,2
2017-02-21,普钢,2
2017-02-21,服饰,1
2017-02-21,机械基件,1
2017-02-21,水泥,4
2017-02-21,汽车整车,2
2017-02-21,汽车配件,1
2017-02-21,港口,1
2017-02-21,火力发电,1
2017-02-21,环境保护,3
2017-02-21,电信运营,1
2017-02-21,电气设备,2
2017-02-21,白酒,3
2017-02-21,百货,3
2017-02-21,综合类,1
2017-02-21,船舶,1
2017-02-21,超市连锁,2
2017-02-21,路桥,2
2017-02-21,软件服务,1
2017-02-21,通信设备,1
2017-02-21,造纸,1
2017-02-21,酒店餐饮,1
2017-02-21,铜,1
2017-02-21,银行,4
