,range
600654,12.0
300028,11.9
300359,10.8
600571,10.6
300380,10.4
600074,9.4
300442,9.2
300216,9.1
601519,9.1
300378,8.9
002312,8.9
300399,8.8
002070,8.6
002657,8.3
300348,8.1
601558,8.0
300449,7.9
300085,7.9
600680,7.5
601106,7.5
600289,7.5
002568,7.4
300333,7.3
600112,7.3
300126,7.2
300350,7.2
600193,7.1
000410,7.1
300155,7.0
603789,6.9
600959,6.8
300397,6.8
002339,6.8
002184,6.7
000816,6.7
300295,6.5
300168,6.5
600767,6.4
300431,6.4
600446,6.3
300404,6.3
300248,6.3
300384,6.2
600606,6.2
300139,6.1
000948,6.1
300220,6.1
002290,6.1
600815,6.1
002577,6.0
300436,6.0
000520,5.9
002570,5.9
300011,5.9
002522,5.9
002667,5.9
600198,5.9
300379,5.9
000819,5.9
300356,5.9
600556,5.9
000555,5.9
300253,5.8
002642,5.8
000626,5.8
300364,5.8
300392,5.8
300005,5.8
300273,5.8
300254,5.7
300049,5.7
600401,5.7
300167,5.7
002296,5.7
600433,5.7
603166,5.7
000875,5.7
601016,5.7
603168,5.6
300369,5.6
300299,5.6
300004,5.6
600726,5.6
600503,5.6
601918,5.6
000917,5.5
000670,5.5
002276,5.5
300018,5.5
300151,5.5
300235,5.5
300291,5.5
002197,5.4
000810,5.4
002183,5.4
600588,5.4
002280,5.4
000558,5.4
002096,5.4
000156,5.4
300448,5.4
002260,5.4
600570,5.4
002751,5.4
002506,5.4
002698,5.4
600871,5.4
300016,5.4
000681,5.3
000616,5.3
300434,5.3
300354,5.3
002488,5.3
300424,5.3
600652,5.2
300460,5.2
300140,5.2
002612,5.2
300377,5.2
300171,5.2
300178,5.2
002432,5.2
002702,5.1
001896,5.1
600623,5.1
300413,5.1
002104,5.1
002207,5.1
002181,5.1
600576,5.1
600381,5.1
000592,5.1
001696,5.0
600247,5.0
300077,5.0
300081,5.0
002177,5.0
000861,5.0
300205,5.0
002625,5.0
300093,5.0
601608,5.0
600288,5.0
300104,5.0
300147,5.0
600653,5.0
002261,5.0
300252,5.0
300446,4.9
002318,4.9
603600,4.9
600458,4.9
600358,4.9
601218,4.9
300447,4.9
600397,4.9
600396,4.9
600880,4.9
600229,4.9
603859,4.9
600862,4.9
600536,4.9
002298,4.9
603118,4.9
300130,4.9
002215,4.9
600696,4.9
002037,4.9
300339,4.9
601226,4.8
300135,4.8
002363,4.8
603021,4.8
002471,4.8
002022,4.8
600180,4.8
300058,4.8
300010,4.8
300229,4.8
002154,4.8
300290,4.8
600275,4.8
600770,4.8
300440,4.8
002467,4.7
300022,4.7
002129,4.7
600485,4.7
600391,4.7
600610,4.7
002331,4.7
600839,4.7
600825,4.7
002329,4.7
300551,4.7
300030,4.7
600432,4.7
300441,4.7
603117,4.7
300444,4.7
002752,4.7
000017,4.7
000428,4.7
603315,4.7
300105,4.7
300079,4.7
600981,4.7
002364,4.7
300059,4.7
002052,4.6
300288,4.6
300516,4.6
600077,4.6
300312,4.6
300314,4.6
002481,4.6
002170,4.6
002175,4.6
300007,4.6
600088,4.6
600094,4.6
600601,4.6
600850,4.6
600637,4.6
600220,4.6
300002,4.6
603003,4.6
002292,4.6
000062,4.6
002349,4.6
600783,4.6
002107,4.6
603703,4.6
300170,4.6
000958,4.6
603528,4.6
002325,4.5
603999,4.5
300400,4.5
000547,4.5
600410,4.5
000503,4.5
000409,4.5
300368,4.5
300226,4.5
300020,4.5
002375,4.5
002063,4.5
300063,4.5
600701,4.5
300438,4.5
002161,4.5
300437,4.5
300075,4.5
601005,4.5
600744,4.5
002592,4.5
002689,4.4
300302,4.4
300517,4.4
601010,4.4
300522,4.4
002490,4.4
002504,4.4
002303,4.4
300491,4.4
600986,4.4
002713,4.4
300033,4.4
002338,4.4
002344,4.4
300231,4.4
000972,4.4
002055,4.4
300469,4.4
300556,4.4
000584,4.4
300351,4.4
300451,4.4
603169,4.4
000622,4.4
601718,4.4
603227,4.4
000638,4.4
000908,4.4
300086,4.4
000676,4.4
603025,4.4
300315,4.4
600662,4.4
600784,4.3
000767,4.3
300250,4.3
300074,4.3
002005,4.3
000782,4.3
603818,4.3
600759,4.3
000005,4.3
603869,4.3
300246,4.3
002269,4.3
002190,4.3
300352,4.3
600565,4.3
603567,4.3
300468,4.3
300276,4.3
300013,4.3
300443,4.3
300293,4.3
300318,4.3
300134,4.3
000760,4.3
002279,4.3
300439,4.3
300508,4.3
601968,4.3
000831,4.3
002400,4.3
002480,4.3
002631,4.3
002771,4.3
002491,4.3
000920,4.2
600037,4.2
600307,4.2
600316,4.2
300430,4.2
300338,4.2
600425,4.2
300336,4.2
300051,4.2
603555,4.2
600865,4.2
300053,4.2
000837,4.2
600186,4.2
000922,4.2
002029,4.2
002551,4.2
002682,4.2
002017,4.2
002314,4.2
300445,4.2
002248,4.2
600805,4.2
002095,4.2
002266,4.2
300027,4.2
000717,4.2
000718,4.2
600724,4.2
000720,4.2
300389,4.2
300223,4.2
300518,4.2
000662,4.2
601777,4.2
300173,4.2
000815,4.2
002195,4.2
300471,4.2
002494,4.2
601766,4.2
002544,4.1
603355,4.1
300321,4.1
300069,4.1
002581,4.1
300076,4.1
600200,4.1
002285,4.1
002800,4.1
300341,4.1
000923,4.1
000796,4.1
002441,4.1
600169,4.1
300334,4.1
300435,4.1
002315,4.1
002169,4.1
600800,4.1
603997,4.1
002337,4.1
600818,4.1
300043,4.1
600292,4.1
600775,4.1
300038,4.1
300234,4.1
600052,4.1
002137,4.1
600677,4.1
002362,4.1
603800,4.1
300212,4.1
600704,4.1
300467,4.1
603012,4.1
300287,4.1
600855,4.1
002666,4.1
300533,4.1
300150,4.1
300515,4.1
600063,4.1
002016,4.0
600149,4.0
000727,4.0
600728,4.0
300465,4.0
300056,4.0
300569,4.0
300025,4.0
600617,4.0
002487,4.0
300412,4.0
300509,4.0
002021,4.0
600747,4.0
002188,4.0
002520,4.0
000801,4.0
600158,4.0
002189,4.0
002030,4.0
002229,4.0
000863,4.0
002072,4.0
600857,4.0
600223,4.0
000925,4.0
600481,4.0
603508,4.0
300370,4.0
002420,4.0
600105,4.0
600091,4.0
002651,4.0
603318,4.0
600468,4.0
000502,4.0
603398,4.0
002335,4.0
300521,4.0
000158,4.0
300162,4.0
300244,4.0
603989,4.0
600021,4.0
300228,4.0
002747,4.0
300208,4.0
300206,4.0
603090,4.0
601969,4.0
603031,4.0
300386,4.0
603030,4.0
300520,4.0
002786,4.0
603366,3.9
600055,3.9
300535,3.9
600807,3.9
002073,3.9
000061,3.9
600826,3.9
600847,3.9
600546,3.9
002323,3.9
002084,3.9
002690,3.9
600130,3.9
600072,3.9
300120,3.9
600889,3.9
300006,3.9
002341,3.9
000532,3.9
002715,3.9
300202,3.9
600705,3.9
002152,3.9
002762,3.9
603028,3.9
603001,3.9
300165,3.9
300163,3.9
300034,3.9
600139,3.9
002351,3.9
300109,3.9
000010,3.9
002473,3.9
300041,3.9
002093,3.9
600794,3.9
300311,3.9
603020,3.9
300505,3.9
603100,3.9
300345,3.9
000901,3.9
002584,3.9
000906,3.9
600171,3.9
000576,3.9
300419,3.9
600321,3.9
600090,3.9
000722,3.9
600517,3.9
601929,3.9
300358,3.9
000821,3.9
000536,3.9
002785,3.9
603322,3.9
000777,3.8
601390,3.8
600776,3.8
002722,3.8
300382,3.8
002796,3.8
603019,3.8
300479,3.8
603698,3.8
603000,3.8
000806,3.8
000016,3.8
002145,3.8
603015,3.8
603958,3.8
300189,3.8
600716,3.8
601727,3.8
000679,3.8
300489,3.8
000803,3.8
600108,3.8
300096,3.8
000829,3.8
002009,3.8
000505,3.8
601007,3.8
002671,3.8
002653,3.8
300390,3.8
300300,3.8
600227,3.8
300329,3.8
300383,3.8
300331,3.8
000909,3.8
002693,3.8
300269,3.8
600234,3.8
000883,3.8
600836,3.8
000066,3.8
002576,3.8
603599,3.8
300259,3.8
603189,3.8
002655,3.8
603159,3.8
000833,3.8
600881,3.8
002373,3.8
300519,3.8
002816,3.8
600678,3.8
300550,3.8
300019,3.8
300525,3.8
002474,3.8
600372,3.8
002194,3.8
300540,3.8
002402,3.8
002476,3.8
600538,3.8
300513,3.8
600650,3.8
002410,3.8
600645,3.8
002231,3.8
600587,3.7
300453,3.7
002066,3.7
300175,3.7
300306,3.7
600501,3.7
600375,3.7
300263,3.7
002018,3.7
000603,3.7
002115,3.7
603606,3.7
603029,3.7
300507,3.7
000911,3.7
600103,3.7
002071,3.7
600371,3.7
600594,3.7
000058,3.7
600797,3.7
300328,3.7
300044,3.7
300012,3.7
000899,3.7
300552,3.7
000897,3.7
000031,3.7
600651,3.7
600875,3.7
000607,3.7
002326,3.7
000893,3.7
000892,3.7
600109,3.7
002780,3.7
002556,3.7
300499,3.7
300125,3.7
300363,3.7
002098,3.7
600222,3.7
300414,3.7
300217,3.7
600058,3.7
300240,3.7
300484,3.7
600611,3.7
002153,3.7
600282,3.7
002731,3.7
000570,3.7
300245,3.7
600707,3.7
300199,3.7
600545,3.7
600268,3.7
000975,3.7
600580,3.7
002783,3.7
300242,3.7
002164,3.7
300243,3.7
000633,3.7
600380,3.7
600510,3.7
600280,3.7
002148,3.7
603067,3.7
000790,3.7
002756,3.7
600555,3.7
002123,3.7
300032,3.7
300281,3.7
300052,3.7
002825,3.7
300388,3.7
002131,3.7
002284,3.7
600635,3.7
002133,3.7
000014,3.7
600156,3.7
600733,3.7
600129,3.7
300267,3.7
002685,3.7
002144,3.7
600343,3.7
600300,3.6
002724,3.6
600493,3.6
600864,3.6
000712,3.6
002234,3.6
002034,3.6
002228,3.6
002233,3.6
300337,3.6
600435,3.6
002539,3.6
300275,3.6
300106,3.6
002268,3.6
603222,3.6
000936,3.6
601882,3.6
002593,3.6
600448,3.6
002232,3.6
000589,3.6
300405,3.6
600626,3.6
002526,3.6
600896,3.6
002707,3.6
603601,3.6
600893,3.6
601015,3.6
601989,3.6
000564,3.6
600100,3.6
002708,3.6
002371,3.6
603628,3.6
002353,3.6
600152,3.6
600235,3.6
600789,3.6
300528,3.6
300023,3.6
600257,3.6
300036,3.6
300047,3.6
300418,3.6
000859,3.6
000620,3.6
603036,3.6
600751,3.6
300496,3.6
300024,3.6
600737,3.6
300555,3.6
000838,3.6
000655,3.6
300213,3.6
300195,3.6
300494,3.6
600712,3.6
600711,3.6
002251,3.6
002178,3.6
002163,3.6
600698,3.6
603969,3.6
000504,3.6
000705,3.6
000609,3.6
000548,3.6
002293,3.6
002463,3.6
601616,3.6
300233,3.6
600833,3.6
300111,3.6
002741,3.6
002808,3.6
600798,3.6
000693,3.6
002291,3.6
601113,3.6
300526,3.5
002405,3.5
002687,3.5
002676,3.5
000516,3.5
002684,3.5
300503,3.5
002692,3.5
300316,3.5
002658,3.5
600202,3.5
000919,3.5
600203,3.5
601500,3.5
603300,3.5
300326,3.5
002559,3.5
300289,3.5
300332,3.5
002322,3.5
002799,3.5
002462,3.5
000408,3.5
000802,3.5
601028,3.5
601225,3.5
300286,3.5
603311,3.5
600604,3.5
600191,3.5
300272,3.5
600179,3.5
000509,3.5
300100,3.5
601258,3.5
600630,3.5
002797,3.5
000965,3.5
300188,3.5
002738,3.5
600758,3.5
300114,3.5
002119,3.5
300391,3.5
600831,3.5
002061,3.5
600415,3.5
000663,3.5
600543,3.5
002140,3.5
300512,3.5
000713,3.5
002439,3.5
000692,3.5
002498,3.5
000690,3.5
300045,3.5
600537,3.5
002081,3.5
002614,3.5
600330,3.5
300204,3.5
002472,3.5
300183,3.5
002753,3.5
600255,3.5
600256,3.5
600530,3.5
603788,3.5
600335,3.5
000619,3.5
002256,3.5
600939,3.5
300501,3.5
600150,3.5
300541,3.5
000970,3.5
600975,3.5
002270,3.5
300270,3.5
600125,3.5
601866,3.5
300210,3.5
600960,3.5
002535,3.5
600118,3.5
600765,3.5
000591,3.5
600613,3.5
002469,3.5
000652,3.5
600306,3.5
601908,3.5
000060,3.5
600225,3.5
600421,3.5
300264,3.5
300381,3.5
600526,3.4
600128,3.4
300506,3.4
600527,3.4
300365,3.4
600119,3.4
601515,3.4
600318,3.4
600520,3.4
002448,3.4
002431,3.4
600550,3.4
600095,3.4
600096,3.4
000565,3.4
601799,3.4
300407,3.4
600560,3.4
002447,3.4
600500,3.4
000723,3.4
000595,3.4
300402,3.4
603128,3.4
002273,3.4
600143,3.4
600491,3.4
601669,3.4
000599,3.4
600106,3.4
000701,3.4
300543,3.4
300353,3.4
000678,3.4
002171,3.4
300078,3.4
002711,3.4
603577,3.4
002746,3.4
603977,3.4
002201,3.4
600647,3.4
002360,3.4
300169,3.4
600370,3.4
603701,3.4
600399,3.4
600299,3.4
600243,3.4
600829,3.4
002058,3.4
600838,3.4
002513,3.4
002347,3.4
002517,3.4
002518,3.4
002721,3.4
002253,3.4
000025,3.4
300455,3.4
600888,3.4
002527,3.4
002534,3.4
603729,3.4
002361,3.4
600661,3.4
600730,3.4
002483,3.4
002758,3.4
600686,3.4
600685,3.4
300209,3.4
300211,3.4
600713,3.4
300485,3.4
603887,3.4
300029,3.4
600675,3.4
300192,3.4
600781,3.4
300190,3.4
600385,3.4
300480,3.4
600745,3.4
600749,3.4
600756,3.4
002367,3.4
002112,3.4
600387,3.4
300177,3.4
002099,3.4
600053,3.4
603099,3.4
600061,3.4
002546,3.4
000915,3.4
300274,3.4
300373,3.4
600313,3.4
002679,3.4
002397,3.4
601002,3.4
600596,3.4
300148,3.4
002387,3.4
601008,3.4
600192,3.4
002802,3.4
603399,3.4
600359,3.4
002396,3.4
600599,3.4
002564,3.4
002390,3.4
600982,3.4
002319,3.4
000851,3.4
300094,3.4
002659,3.4
600078,3.4
600170,3.4
000511,3.4
002579,3.4
002328,3.4
000096,3.4
600469,3.4
300367,3.3
002305,3.3
002629,3.3
002374,3.3
600480,3.3
600120,3.3
002368,3.3
000526,3.3
300546,3.3
603918,3.3
600483,3.3
002401,3.3
600490,3.3
603116,3.3
300185,3.3
002406,3.3
300218,3.3
002632,3.3
603819,3.3
002663,3.3
600428,3.3
000422,3.3
000155,3.3
002779,3.3
000026,3.3
300257,3.3
300128,3.3
300154,3.3
603611,3.3
603188,3.3
002769,3.3
300343,3.3
000090,3.3
600423,3.3
300265,3.3
300534,3.3
000573,3.3
002649,3.3
000151,3.3
002378,3.3
300227,3.3
300247,3.3
300538,3.3
603727,3.3
000605,3.3
600023,3.3
603258,3.3
002332,3.3
002297,3.3
600107,3.3
000159,3.3
002356,3.3
300532,3.3
603688,3.3
002736,3.3
300164,3.3
002376,3.3
000523,3.3
002089,3.3
000753,3.3
600598,3.3
000800,3.3
600206,3.3
601179,3.3
000791,3.3
002204,3.3
002500,3.3
300103,3.3
601689,3.3
000912,3.3
300084,3.3
002227,3.3
600249,3.3
601700,3.3
601717,3.3
002446,3.3
002011,3.3
600804,3.3
002795,3.3
002086,3.3
002793,3.3
600326,3.3
600796,3.3
600629,3.3
002208,3.3
002449,3.3
002209,3.3
600634,3.3
000852,3.3
002023,3.3
300054,3.3
600228,3.3
300422,3.3
002250,3.3
300091,3.3
002220,3.3
002216,3.3
000868,3.3
600302,3.3
600834,3.3
600592,3.3
002818,3.3
601198,3.3
002048,3.3
600573,3.3
300055,3.3
002524,3.3
002515,3.3
600844,3.3
600237,3.3
300553,3.3
601231,3.3
000750,3.3
002492,3.3
600992,3.3
600755,3.3
600272,3.3
000953,3.3
000650,3.3
600791,3.3
000987,3.3
600331,3.3
600532,3.3
002160,3.3
300068,3.3
000656,3.3
600725,3.3
000971,3.3
002620,3.3
600208,3.3
002428,3.3
000667,3.3
300375,3.3
002479,3.3
600540,3.3
002168,3.3
600894,3.3
000738,3.3
600615,3.3
002810,3.3
002235,3.3
600310,3.3
600898,3.3
300062,3.3
300121,3.3
601928,3.3
600768,3.3
002528,3.3
000721,3.3
002111,3.3
600287,3.3
002002,3.3
300112,3.3
300486,3.3
000032,3.2
000078,3.2
600876,3.2
000982,3.2
600210,3.2
600962,3.2
000068,3.2
002221,3.2
300066,3.2
600883,3.2
600958,3.2
002224,3.2
600218,3.2
300080,3.2
002357,3.2
300159,3.2
600251,3.2
300474,3.2
600771,3.2
603777,3.2
603779,3.2
002749,3.2
603936,3.2
002495,3.2
600757,3.2
600668,3.2
002811,3.2
002755,3.2
002128,3.2
002135,3.2
300557,3.2
600731,3.2
600283,3.2
002489,3.2
600684,3.2
600273,3.2
603766,3.2
600250,3.2
603636,3.2
600293,3.2
300255,3.2
002380,3.2
300464,3.2
600863,3.2
600031,3.2
600367,3.2
600860,3.2
002047,3.2
002377,3.2
603669,3.2
002214,3.2
600821,3.2
300166,3.2
600820,3.2
300239,3.2
002740,3.2
600022,3.2
002077,3.2
600648,3.2
002540,3.2
000731,3.2
600582,3.2
300325,3.2
300395,3.2
601518,3.2
000524,3.2
600577,3.2
300394,3.2
600084,3.2
603336,3.2
600327,3.2
000755,3.2
002660,3.2
002781,3.2
600135,3.2
600476,3.2
300423,3.2
000561,3.2
000687,3.2
000695,3.2
000506,3.2
601566,3.2
600495,3.2
300591,3.2
600093,3.2
000560,3.2
300330,3.2
000795,3.2
000960,3.2
000798,3.2
300101,3.2
600157,3.2
000546,3.2
000702,3.2
000809,3.2
000768,3.2
000540,3.2
300307,3.2
300092,3.2
002578,3.2
300531,3.2
300385,3.2
601919,3.2
600513,3.2
600189,3.2
002550,3.2
002172,3.2
002421,3.2
002839,3.2
002548,3.2
000400,3.2
002288,3.2
000301,3.2
002289,3.2
600608,3.2
000632,3.2
000752,3.2
601038,3.2
002617,3.2
002571,3.2
300303,3.2
300529,3.2
603023,3.2
603389,3.2
603218,3.2
300406,3.2
002646,3.2
000905,3.2
600552,3.2
002566,3.2
000411,3.2
600523,3.2
300181,3.1
002609,3.1
603959,3.1
002496,3.1
002611,3.1
002748,3.1
300179,3.1
000961,3.1
002117,3.1
300184,3.1
002613,3.1
002412,3.1
002644,3.1
002132,3.1
603909,3.1
002782,3.1
300193,3.1
002149,3.1
002633,3.1
002156,3.1
002757,3.1
603883,3.1
002627,3.1
002606,3.1
000797,3.1
300039,3.1
300082,3.1
000835,3.1
002246,3.1
002574,3.1
002381,3.1
000037,3.1
000046,3.1
300152,3.1
002772,3.1
002801,3.1
002580,3.1
000928,3.1
002533,3.1
000930,3.1
002336,3.1
000931,3.1
000993,3.1
000939,3.1
002543,3.1
000514,3.1
000825,3.1
002648,3.1
002075,3.1
000587,3.1
002295,3.1
002198,3.1
000751,3.1
000566,3.1
002745,3.1
000780,3.1
000785,3.1
300046,3.1
002309,3.1
000559,3.1
002807,3.1
002458,3.1
000812,3.1
300050,3.1
002049,3.1
002308,3.1
000529,3.1
000629,3.1
300219,3.1
600132,3.1
600136,3.1
603633,3.1
600463,3.1
600076,3.1
600718,3.1
600213,3.1
600462,3.1
601216,3.1
600506,3.1
603088,3.1
603456,3.1
600505,3.1
300360,3.1
601069,3.1
600070,3.1
600320,3.1
603167,3.1
600352,3.1
600746,3.1
600127,3.1
600080,3.1
601339,3.1
601555,3.1
600081,3.1
600060,3.1
601898,3.1
600068,3.1
600665,3.1
300268,3.1
601880,3.1
600173,3.1
603588,3.1
600175,3.1
300260,3.1
601808,3.1
600190,3.1
600676,3.1
603008,3.1
600336,3.1
600185,3.1
300493,3.1
603022,3.1
300417,3.1
600159,3.1
601600,3.1
600239,3.1
300497,3.1
600353,3.1
600117,3.1
603808,3.1
600908,3.1
600017,3.1
603822,3.1
600361,3.1
300452,3.1
300458,3.1
600877,3.1
300542,3.1
600861,3.1
603309,3.1
600008,3.1
600567,3.1
600845,3.1
600841,3.1
603330,3.1
603858,3.1
600824,3.1
600808,3.1
600590,3.1
600583,3.1
600248,3.1
600354,3.1
600778,3.1
600973,3.1
300561,3.1
600990,3.1
600769,3.1
600027,3.1
300301,3.1
603198,3.1
002395,3.0
002240,3.0
002787,3.0
603199,3.0
603005,3.0
600649,3.0
000719,3.0
002585,3.0
603009,3.0
002263,3.0
002238,3.0
300131,3.0
002392,3.0
600597,3.0
300403,3.0
600122,3.0
002590,3.0
000550,3.0
600811,3.0
603308,3.0
600589,3.0
600616,3.0
300335,3.0
002610,3.0
000628,3.0
002223,3.0
300017,3.0
600133,3.0
603126,3.0
600624,3.0
000665,3.0
002599,3.0
002211,3.0
603131,3.0
002637,3.0
603016,3.0
002243,3.0
002358,3.0
300415,3.0
002416,3.0
600936,3.0
002805,3.0
000938,3.0
002510,3.0
000950,3.0
600748,3.0
000955,3.0
600240,3.0
000966,3.0
000976,3.0
002453,3.0
300475,3.0
002501,3.0
002499,3.0
300064,3.0
600262,3.0
601872,3.0
002004,3.0
600895,3.0
600891,3.0
600271,3.0
600277,3.0
002465,3.0
600281,3.0
600851,3.0
600848,3.0
600311,3.0
600291,3.0
002060,3.0
002064,3.0
002065,3.0
601018,3.0
601020,3.0
000927,3.0
601058,3.0
000757,3.0
600178,3.0
300411,3.0
000778,3.0
002423,3.0
002424,3.0
601688,3.0
300324,3.0
300416,3.0
601618,3.0
601595,3.0
002430,3.0
002167,3.0
000811,3.0
000820,3.0
601368,3.0
002162,3.0
601333,3.0
300425,3.0
000862,3.0
600727,3.0
000882,3.0
601186,3.0
002445,3.0
002138,3.0
002136,3.0
601118,3.0
600736,3.0
002130,3.0
300133,3.0
000683,3.0
300530,3.0
600363,3.0
300617,3.0
002348,3.0
002654,3.0
000043,3.0
300238,3.0
000045,3.0
002355,3.0
600478,3.0
300305,3.0
600006,3.0
300304,3.0
600525,3.0
603966,3.0
002696,3.0
300224,3.0
000050,3.0
600029,3.0
600369,3.0
002389,3.0
300194,3.0
300280,3.0
603939,3.0
300283,3.0
002664,3.0
603686,3.0
000416,3.0
600439,3.0
300001,3.0
000099,3.0
002852,3.0
300271,3.0
603333,3.0
000006,3.0
000020,3.0
000027,3.0
300200,3.0
002673,3.0
000029,3.0
600455,3.0
002366,3.0
002850,3.0
300523,3.0
000528,3.0
600470,3.0
600386,3.0
300191,3.0
600961,2.9
600238,2.9
002193,2.9
300559,2.9
300067,2.9
002678,2.9
300548,2.9
600658,2.9
601958,2.9
603558,2.9
600389,2.9
002798,2.9
600162,2.9
002588,2.9
300113,2.9
600780,2.9
000009,2.9
000880,2.9
601999,2.9
600166,2.9
600422,2.9
002719,2.9
002200,2.9
000728,2.9
600695,2.9
601890,2.9
002560,2.9
600187,2.9
002433,2.9
000836,2.9
603615,2.9
000967,2.9
002730,2.9
002555,2.9
002320,2.9
600983,2.9
300256,2.9
000030,2.9
002699,2.9
601567,2.9
002820,2.9
600195,2.9
002121,2.9
002122,2.9
600050,2.9
300095,2.9
002316,2.9
002725,2.9
601212,2.9
600708,2.9
000733,2.9
000997,2.9
600339,2.9
000737,2.9
601886,2.9
002187,2.9
000065,2.9
002327,2.9
600774,2.9
600790,2.9
601001,2.9
601000,2.9
002848,2.9
601811,2.9
002324,2.9
300153,2.9
002454,2.9
600379,2.9
000973,2.9
300057,2.9
603519,2.9
600405,2.9
002242,2.9
603268,2.9
002062,2.9
600586,2.9
002519,2.9
300563,2.9
002759,2.9
300611,2.9
000507,2.9
300599,2.9
002778,2.9
002623,2.9
300347,2.9
000590,2.9
000498,2.9
600843,2.9
600082,2.9
002283,2.9
600126,2.9
002461,2.9
600846,2.9
600584,2.9
600806,2.9
300598,2.9
300313,2.9
300322,2.9
000533,2.9
600810,2.9
300511,2.9
600360,2.9
002274,2.9
000541,2.9
300201,2.9
600819,2.9
600301,2.9
600098,2.9
002278,2.9
002069,2.9
603339,2.9
002255,2.9
002068,2.9
601137,2.9
002334,2.9
603861,2.9
600803,2.9
002134,2.9
002843,2.9
002031,2.9
600603,2.9
600284,2.9
603069,2.9
002404,2.9
002225,2.9
000889,2.9
002750,2.9
002482,2.9
000886,2.9
300374,2.9
002027,2.9
600151,2.9
002026,2.9
000166,2.9
002486,2.9
603979,2.9
600873,2.9
000680,2.9
600734,2.9
000828,2.9
002383,2.9
300502,2.9
000419,2.9
600853,2.9
000611,2.9
000612,2.9
000613,2.9
000615,2.9
300433,2.9
002046,2.9
600802,2.9
600509,2.9
002817,2.9
002788,2.9
600614,2.9
000627,2.9
603987,2.8
603716,2.8
601116,2.8
600738,2.8
603718,2.8
300481,2.8
600236,2.8
002516,2.8
002767,2.8
002806,2.8
002126,2.8
000949,2.8
600030,2.8
300473,2.8
600993,2.8
600267,2.8
603823,2.8
600792,2.8
600312,2.8
002813,2.8
600795,2.8
600868,2.8
600279,2.8
002478,2.8
002477,2.8
002087,2.8
002044,2.8
600854,2.8
600010,2.8
002053,2.8
300625,2.8
600837,2.8
603843,2.8
600308,2.8
600297,2.8
002067,2.8
002079,2.8
300040,2.8
000910,2.8
300172,2.8
600266,2.8
600988,2.8
600985,2.8
002452,2.8
002116,2.8
600761,2.8
600978,2.8
600977,2.8
300562,2.8
000977,2.8
603968,2.8
600416,2.8
600970,2.8
002734,2.8
600967,2.8
000988,2.8
002737,2.8
002455,2.8
600259,2.8
002739,2.8
603806,2.8
002346,2.8
601126,2.8
002076,2.8
601127,2.8
603569,2.8
000709,2.8
300110,2.8
600161,2.8
300141,2.8
000597,2.8
600163,2.8
600488,2.8
601899,2.8
600121,2.8
600595,2.8
002681,2.8
600071,2.8
002306,2.8
000572,2.8
300408,2.8
600378,2.8
002686,2.8
600528,2.8
300261,2.8
002569,2.8
000762,2.8
600351,2.8
601996,2.8
002587,2.8
601789,2.8
603017,2.8
603058,2.8
600619,2.8
000637,2.8
600633,2.8
600636,2.8
000636,2.8
300284,2.8
603101,2.8
300366,2.8
000417,2.8
000157,2.8
300144,2.8
000682,2.8
600640,2.8
000686,2.8
000610,2.8
300146,2.8
002674,2.8
002403,2.8
300292,2.8
600643,2.8
000698,2.8
000776,2.8
002565,2.8
002703,2.8
002529,2.8
000021,2.8
600706,2.8
600207,2.8
600533,2.8
002435,2.8
000551,2.8
600714,2.8
002277,2.8
300429,2.8
603328,2.8
603663,2.8
600215,2.8
600569,2.8
002150,2.8
601208,2.8
002440,2.8
601177,2.8
600325,2.8
600732,2.8
600466,2.8
002523,2.8
000823,2.8
601369,2.8
002521,2.8
300565,2.8
002398,2.8
000557,2.8
300102,2.8
000793,2.8
002369,2.8
600691,2.8
603616,2.8
002712,2.8
600579,2.8
601599,2.8
600382,2.8
600558,2.8
300490,2.8
603630,2.8
600699,2.8
000878,2.8
600618,2.7
002249,2.7
600605,2.7
002267,2.7
002275,2.7
002259,2.7
600355,2.7
300539,2.7
002836,2.7
600395,2.7
002247,2.7
600497,2.7
600657,2.7
002354,2.7
002218,2.7
600376,2.7
600673,2.7
300547,2.7
300026,2.7
600388,2.7
600683,2.7
300527,2.7
002849,2.7
600692,2.7
600420,2.7
002436,2.7
600717,2.7
002125,2.7
600329,2.7
600429,2.7
002443,2.7
002139,2.7
002342,2.7
300536,2.7
002105,2.7
002407,2.7
002217,2.7
600496,2.7
600366,2.7
600638,2.7
600350,2.7
600639,2.7
300549,2.7
600403,2.7
002828,2.7
600642,2.7
002206,2.7
600787,2.7
600368,2.7
600390,2.7
600735,2.7
002196,2.7
600551,2.7
603878,2.7
600812,2.7
300592,2.7
300396,2.7
002591,2.7
600153,2.7
000669,2.7
002598,2.7
603033,2.7
002791,2.7
600814,2.7
002603,2.7
000657,2.7
002605,2.7
002789,2.7
600131,2.7
000598,2.7
000585,2.7
000688,2.7
603002,2.7
600160,2.7
000783,2.7
002541,2.7
002554,2.7
601588,2.7
600188,2.7
000788,2.7
600184,2.7
601788,2.7
601966,2.7
002567,2.7
300107,2.7
600165,2.7
601901,2.7
601965,2.7
000716,2.7
000581,2.7
300342,2.7
601311,2.7
000567,2.7
600067,2.7
600059,2.7
600057,2.7
000039,2.7
603609,2.7
300157,2.7
000018,2.7
600038,2.7
603665,2.7
603667,2.7
603678,2.7
600033,2.7
300221,2.7
300215,2.7
603889,2.7
603578,2.7
603566,2.7
300277,2.7
002641,2.7
002636,2.7
603299,2.7
603306,2.7
000554,2.7
002638,2.7
600114,2.7
000525,2.7
300149,2.7
600101,2.7
600086,2.7
300309,2.7
300138,2.7
000415,2.7
002665,2.7
300421,2.7
603050,2.7
000887,2.7
600966,2.7
000962,2.7
600278,2.7
002006,2.7
002042,2.7
600217,2.7
600995,2.7
300432,2.7
600999,2.7
002045,2.7
002051,2.7
601188,2.7
600890,2.7
600987,2.7
600252,2.7
002532,2.7
002503,2.7
601107,2.7
002505,2.7
000978,2.7
600979,2.7
600830,2.7
600969,2.7
600362,2.6
002103,2.6
000407,2.6
002100,2.6
002385,2.6
600897,2.6
000420,2.6
603421,2.6
000421,2.6
600512,2.6
000517,2.6
000856,2.6
600099,2.6
000521,2.6
600766,2.6
600773,2.6
300428,2.6
600578,2.6
000552,2.6
000989,2.6
000544,2.6
002265,2.6
002645,2.6
000531,2.6
600557,2.6
000530,2.6
002272,2.6
300279,2.6
600965,2.6
600075,2.6
000153,2.6
002668,2.6
002343,2.6
002330,2.6
600444,2.6
000004,2.6
300645,2.6
603991,2.6
002728,2.6
603738,2.6
603768,2.6
600835,2.6
600499,2.6
600020,2.6
002743,2.6
600408,2.6
600406,2.6
600018,2.6
603828,2.6
603908,2.6
300198,2.6
300161,2.6
600456,2.6
002815,2.6
600039,2.6
600365,2.6
002013,2.6
002301,2.6
002634,2.6
002014,2.6
000088,2.6
600373,2.6
600886,2.6
600479,2.6
603598,2.6
000056,2.6
002025,2.6
002695,2.6
002028,2.6
002090,2.6
000035,2.6
600467,2.6
300073,2.6
000553,2.6
603238,2.6
600232,2.6
601798,2.6
002826,2.6
000739,2.6
600172,2.6
002419,2.6
300108,2.6
601163,2.6
600115,2.6
603026,2.6
600655,2.6
601111,2.6
603006,2.6
002205,2.6
600322,2.6
300483,2.6
300498,2.6
600679,2.6
000779,2.6
002425,2.6
000881,2.6
002536,2.6
002538,2.6
300426,2.6
002824,2.6
002531,2.6
600201,2.6
600333,2.6
600721,2.6
600328,2.6
601611,2.6
601633,2.6
600689,2.6
002173,2.6
002174,2.6
600688,2.6
601101,2.6
601117,2.6
601168,2.6
000935,2.6
002618,2.6
002616,2.6
300371,2.6
000673,2.6
002822,2.6
002118,2.6
002607,2.6
300500,2.6
000593,2.6
300349,2.6
600621,2.6
000659,2.6
300129,2.6
603158,2.6
000582,2.6
000969,2.6
601099,2.6
300693,2.6
002514,2.6
300031,2.6
000929,2.6
000571,2.6
603223,2.6
300619,2.5
600026,2.5
300615,2.5
002394,2.5
600332,2.5
002622,2.5
600290,2.5
600111,2.5
300570,2.5
600113,2.5
002809,2.5
002765,2.5
600199,2.5
300573,2.5
002470,2.5
600012,2.5
002803,2.5
600269,2.5
300593,2.5
002444,2.5
600348,2.5
600317,2.5
002847,2.5
600073,2.5
002413,2.5
600083,2.5
002774,2.5
002819,2.5
600233,2.5
002604,2.5
002851,2.5
002417,2.5
600270,2.5
002770,2.5
300583,2.5
002391,2.5
600177,2.5
600219,2.5
600051,2.5
002700,2.5
002484,2.5
600146,2.5
600141,2.5
002706,2.5
600763,2.5
603183,2.5
300282,2.5
002083,2.5
002088,2.5
000668,2.5
603060,2.5
002101,2.5
000635,2.5
300124,2.5
600750,2.5
600743,2.5
600739,2.5
603123,2.5
002143,2.5
600729,2.5
603177,2.5
601158,2.5
300346,2.5
000563,2.5
000543,2.5
300319,2.5
000519,2.5
002176,2.5
603368,2.5
002180,2.5
300298,2.5
300297,2.5
601991,2.5
000735,2.5
300048,2.5
000998,2.5
601021,2.5
000926,2.5
601006,2.5
600998,2.5
000890,2.5
000957,2.5
600984,2.5
600980,2.5
600976,2.5
000979,2.5
000885,2.5
300420,2.5
000758,2.5
300099,2.5
600917,2.5
601666,2.5
600892,2.5
300456,2.5
000792,2.5
300698,2.5
002036,2.5
601801,2.5
600858,2.5
000759,2.5
002185,2.5
000898,2.5
000012,2.5
002210,2.5
300241,2.5
603996,2.5
603699,2.5
300251,2.5
002299,2.5
002300,2.5
002262,2.5
300156,2.5
603618,2.5
000042,2.5
002226,2.5
603817,2.5
000069,2.5
603798,2.5
603838,2.5
600663,2.5
600644,2.5
002855,2.5
603568,2.5
002321,2.5
000089,2.5
603899,2.4
603696,2.4
300581,2.4
600035,2.4
002735,2.4
002561,2.4
601678,2.4
300537,2.4
603888,2.4
300410,2.4
002558,2.4
603726,2.4
300568,2.4
300236,2.4
000888,2.4
002553,2.4
603787,2.4
603811,2.4
603928,2.4
300214,2.4
300182,2.4
601211,2.4
601222,2.4
300427,2.4
000848,2.4
300613,2.4
300582,2.4
601375,2.4
300222,2.4
002552,2.4
603901,2.4
600221,2.4
603668,2.4
603518,2.4
002575,2.4
000539,2.4
300357,2.4
000606,2.4
000600,2.4
300262,2.4
600123,2.4
002630,2.4
300605,2.4
300340,2.4
000070,2.4
000048,2.4
600089,2.4
002652,2.4
000510,2.4
000100,2.4
002675,2.4
603520,2.4
002672,2.4
000404,2.4
600064,2.4
002619,2.4
600168,2.4
002589,2.4
300160,2.4
000715,2.4
002709,2.4
002776,2.4
000707,2.4
300249,2.4
000700,2.4
603007,2.4
000685,2.4
300609,2.4
300387,2.4
002790,2.4
002701,2.4
603626,2.4
600148,2.4
300376,2.4
600137,2.4
002697,2.4
600398,2.4
601677,2.4
002761,2.4
600337,2.4
600602,2.4
600628,2.4
002024,2.4
300463,2.4
300545,2.4
002414,2.4
002191,2.4
600859,2.4
002038,2.4
002059,2.4
002429,2.4
600562,2.4
600694,2.4
002165,2.4
600305,2.4
300488,2.4
002155,2.4
002438,2.4
002151,2.4
600723,2.4
600323,2.4
600754,2.4
002237,2.4
600869,2.4
600449,2.4
002846,2.4
300071,2.4
601098,2.4
600997,2.4
600241,2.4
300560,2.4
002350,2.4
600475,2.4
002502,2.4
002858,2.4
600511,2.4
002643,2.3
300597,2.3
600418,2.3
603319,2.3
002157,2.3
300008,2.3
002437,2.3
600720,2.3
002345,2.3
002141,2.3
300362,2.3
603839,2.3
000625,2.3
603089,2.3
603866,2.3
002113,2.3
603077,2.3
600011,2.3
600674,2.3
603369,2.3
000430,2.3
000040,2.3
600593,2.3
002768,2.3
600062,2.3
600600,2.3
600548,2.3
603586,2.3
002835,2.3
002830,2.3
000150,2.3
603998,2.3
603690,2.3
002106,2.3
603557,2.3
600664,2.3
600498,2.3
603737,2.3
603803,2.3
002827,2.3
600667,2.3
002777,2.3
002661,2.3
300009,2.3
300119,2.3
603313,2.3
002091,2.3
000677,2.3
002041,2.3
601377,2.3
002082,2.3
300470,2.3
601579,2.3
002464,2.3
002547,2.3
601326,2.3
300578,2.3
000691,2.3
000860,2.3
002563,2.3
000850,2.3
000726,2.3
000729,2.3
600963,2.3
002792,2.3
300089,2.3
600996,2.3
000672,2.3
000937,2.3
300466,2.3
300472,2.3
000671,2.3
002549,2.3
600827,2.3
000902,2.3
002459,2.3
300510,2.2
002542,2.2
300003,2.2
600518,2.2
002388,2.2
002680,2.2
000023,2.2
600561,2.2
600572,2.2
002545,2.2
000038,2.2
002244,2.2
300608,2.2
300576,2.2
603608,2.2
000055,2.2
601388,2.2
300065,2.2
600261,2.2
600515,2.2
603708,2.2
002286,2.2
603778,2.2
002760,2.2
601128,2.2
603898,2.2
000900,2.2
603903,2.2
300090,2.2
600216,2.2
002865,2.2
002763,2.2
600482,2.2
002307,2.2
002895,2.2
002733,2.2
002717,2.2
002732,2.2
300612,2.2
000990,2.2
000995,2.2
603725,2.2
002727,2.2
002766,2.2
600502,2.2
002723,2.2
600508,2.2
000996,2.2
002718,2.2
600909,2.2
601139,2.2
002213,2.2
603186,2.2
600817,2.2
603320,2.2
600069,2.2
601949,2.2
601985,2.2
002159,2.2
000545,2.2
000903,2.2
603298,2.2
300688,2.2
002635,2.2
002158,2.2
300344,2.2
603181,2.2
000736,2.2
600722,2.2
000601,2.2
603160,2.2
002823,2.2
600793,2.2
002594,2.2
000623,2.2
002596,2.2
300478,2.2
300587,2.2
002097,2.2
603035,2.2
603066,2.2
603360,2.2
300132,2.2
300278,2.2
600856,2.2
300462,2.2
002040,2.2
000402,2.2
002670,2.2
600666,2.2
002203,2.2
300061,2.2
000413,2.2
601800,2.2
601858,2.2
600866,2.2
000425,2.2
002457,2.2
002573,2.2
601877,2.2
600682,2.2
600687,2.2
601607,2.2
002426,2.2
300310,2.2
002033,2.2
300196,2.1
002829,2.1
300622,2.1
300585,2.1
300571,2.1
002863,2.1
300187,2.1
300098,2.1
002868,2.1
002892,2.1
300317,2.1
300042,2.1
300641,2.1
300398,2.1
300600,2.1
300610,2.1
002842,2.1
300115,2.1
000761,2.1
603393,2.1
603906,2.1
000008,2.1
601900,2.1
600822,2.1
603990,2.1
603239,2.1
603955,2.1
603269,2.1
603929,2.1
603926,2.1
000952,2.1
603920,2.1
300699,2.1
601628,2.1
300689,2.1
000034,2.1
603885,2.1
603881,2.1
601366,2.1
603303,2.1
002317,2.1
603855,2.1
601328,2.1
603826,2.1
600620,2.1
603813,2.1
603321,2.1
603758,2.1
002393,2.1
000019,2.1
600155,2.1
603323,2.1
300657,2.1
600315,2.1
000985,2.1
000999,2.1
600285,2.1
603041,2.1
600874,2.1
002007,2.1
002015,2.1
600356,2.1
000826,2.1
600246,2.1
603106,2.1
002114,2.1
000631,2.1
000049,2.1
002179,2.1
002186,2.1
002192,2.1
600211,2.1
603129,2.1
603138,2.1
601998,2.1
000501,2.1
603157,2.1
600828,2.1
600823,2.1
300675,2.1
601988,2.1
002399,2.1
601818,2.1
603603,2.1
603345,2.1
603358,2.1
603363,2.1
002557,2.1
002582,2.1
600710,2.1
002608,2.1
002615,2.1
603527,2.1
002639,2.1
002650,2.1
300647,2.1
002683,2.1
002688,2.1
603444,2.1
002716,2.1
002497,2.1
600303,2.1
300682,2.1
603717,2.1
002418,2.1
300703,2.1
603018,2.0
300117,2.0
300686,2.0
300123,2.0
603517,2.0
300127,2.0
002202,2.0
603767,2.0
603556,2.0
600079,2.0
002239,2.0
002434,2.0
002845,2.0
603559,2.0
603378,2.0
002264,2.0
603797,2.0
603178,2.0
002287,2.0
000401,2.0
002302,2.0
603196,2.0
603203,2.0
600697,2.0
603602,2.0
300137,2.0
002124,2.0
300586,2.0
600870,2.0
300692,2.0
000918,2.0
300083,2.0
300603,2.0
600919,2.0
603721,2.0
603386,2.0
600265,2.0
000876,2.0
603499,2.0
002775,2.0
002669,2.0
000807,2.0
002039,2.0
000766,2.0
002057,2.0
300566,2.0
600226,2.0
002662,2.0
002094,2.0
002102,2.0
000710,2.0
300037,2.0
000697,2.0
000666,2.0
002379,2.0
002282,2.0
300588,2.0
600110,2.0
601857,2.0
300621,2.0
600879,2.0
300457,2.0
002729,2.0
300620,2.0
603658,2.0
300701,2.0
603277,2.0
002468,2.0
603886,2.0
603266,2.0
603677,2.0
600777,2.0
601199,2.0
300596,2.0
600609,2.0
603305,2.0
601228,2.0
300327,2.0
600612,2.0
300643,2.0
603648,2.0
603919,2.0
300230,2.0
600531,2.0
000007,2.0
300697,2.0
600641,2.0
603985,2.0
603976,2.0
600693,2.0
002899,2.0
002910,2.0
300589,2.0
603963,2.0
603607,1.9
000869,1.9
300203,1.9
603396,1.9
000933,1.9
603877,1.9
603683,1.9
603500,1.9
300207,1.9
603367,1.9
603081,1.9
603335,1.9
600671,1.9
300495,1.9
603722,1.9
600392,1.9
603829,1.9
000877,1.9
603098,1.9
603533,1.9
300681,1.9
000028,1.9
603357,1.9
600459,1.9
603139,1.9
603232,1.9
000630,1.9
300715,1.9
603656,1.9
000534,1.9
300691,1.9
300136,1.9
600547,1.9
300635,1.9
600575,1.9
603637,1.9
600419,1.9
603676,1.9
603900,1.9
600785,1.9
600535,1.9
600400,1.9
300712,1.9
603689,1.9
603103,1.9
600926,1.9
002624,1.9
002897,1.9
603037,1.9
601086,1.9
002628,1.9
002626,1.9
300393,1.9
300584,1.9
002409,1.9
603388,1.9
600138,1.9
002893,1.9
601200,1.9
002898,1.9
603039,1.9
002460,1.9
601169,1.9
600209,1.9
002595,1.9
002583,1.9
002903,1.9
002254,1.9
002530,1.9
300590,1.9
300575,1.9
300623,1.9
002875,1.9
600182,1.9
002837,1.9
600097,1.9
300706,1.9
300602,1.9
002010,1.9
002853,1.9
300558,1.9
002861,1.9
300070,1.9
300606,1.9
300709,1.9
603055,1.9
002869,1.9
300702,1.9
601011,1.9
000980,1.9
002870,1.9
300631,1.9
300459,1.8
002333,1.8
600015,1.8
603776,1.8
002386,1.8
002906,1.8
300492,1.8
002909,1.8
300696,1.8
002902,1.8
300158,1.8
300695,1.8
002871,1.8
601166,1.8
002900,1.8
002872,1.8
300654,1.8
300604,1.8
603937,1.8
002889,1.8
300713,1.8
601619,1.8
002867,1.8
002877,1.8
300678,1.8
603879,1.8
603289,1.8
300700,1.8
600882,1.8
300579,1.8
603208,1.8
603038,1.8
002166,1.8
002602,1.8
002621,1.8
300580,1.8
600719,1.8
300118,1.8
002146,1.8
300116,1.8
603108,1.8
002074,1.8
000617,1.8
603507,1.8
603505,1.8
300710,1.8
300461,1.8
603385,1.8
603488,1.8
300666,1.8
002691,1.8
600753,1.8
002182,1.8
002370,1.8
603377,1.8
300648,1.8
603359,1.8
603612,1.8
002512,1.8
300450,1.8
300707,1.8
002245,1.8
300640,1.8
300014,1.8
600489,1.8
002219,1.8
300021,1.8
002841,1.7
300629,1.7
300294,1.7
002838,1.7
603466,1.7
300651,1.7
300649,1.7
603416,1.7
300477,1.7
300632,1.7
600085,1.7
600760,1.7
603515,1.7
300482,1.7
300650,1.7
002442,1.7
300628,1.7
300320,1.7
300616,1.7
601229,1.7
002600,1.7
300708,1.7
002537,1.7
300705,1.7
603661,1.7
300323,1.7
603535,1.7
002812,1.7
603585,1.7
603326,1.7
000959,1.7
603316,1.7
300655,1.7
601992,1.7
300711,1.7
600477,1.7
603816,1.7
002241,1.7
300671,1.7
603010,1.7
002199,1.7
600452,1.7
000639,1.7
600212,1.7
300035,1.7
603110,1.7
002108,1.7
600230,1.7
600393,1.7
300660,1.7
002043,1.7
600242,1.7
000813,1.7
000818,1.7
002020,1.7
000839,1.7
603040,1.7
002003,1.7
603042,1.7
300665,1.7
000981,1.7
603063,1.7
600516,1.7
300637,1.7
600295,1.7
002878,1.7
603916,1.7
600116,1.7
603922,1.7
002888,1.7
300409,1.7
000036,1.7
603260,1.7
002896,1.7
600549,1.7
603882,1.7
603229,1.7
300595,1.7
603980,1.7
002862,1.7
603856,1.7
603988,1.7
002860,1.7
002859,1.7
601881,1.7
300514,1.7
002857,1.7
300652,1.7
603085,1.6
603278,1.6
603078,1.6
603076,1.6
603383,1.6
603179,1.6
600884,1.6
603113,1.6
603380,1.6
603011,1.6
603127,1.6
601878,1.6
603133,1.6
601997,1.6
600764,1.6
300638,1.6
603225,1.6
601108,1.6
601952,1.6
603027,1.6
300719,1.6
300097,1.6
002880,1.6
600461,1.6
300670,1.6
002882,1.6
300145,1.6
600933,1.6
002881,1.6
300676,1.6
002891,1.6
002876,1.6
300653,1.6
000059,1.6
002352,1.6
603978,1.6
002831,1.6
000586,1.6
002901,1.6
600568,1.6
600340,1.6
300658,1.6
002127,1.6
300554,1.6
002147,1.6
300639,1.6
600338,1.6
002912,1.6
300720,1.6
300088,1.6
300667,1.6
000822,1.6
000756,1.6
000711,1.6
002905,1.6
603960,1.6
002866,1.6
603933,1.6
603728,1.6
300285,1.6
603538,1.6
600715,1.6
603580,1.6
603617,1.6
603638,1.6
300627,1.6
603659,1.6
603679,1.6
300716,1.6
300636,1.6
300683,1.6
603711,1.6
300232,1.6
002109,1.6
300717,1.6
002466,1.6
600016,1.6
603880,1.6
300679,1.6
603860,1.6
603896,1.6
300718,1.6
601313,1.5
002222,1.5
002456,1.5
002236,1.5
601019,1.5
002694,1.5
002821,1.5
002647,1.5
002919,1.5
002916,1.5
002705,1.5
600903,1.5
002908,1.5
300730,1.5
002911,1.5
002640,1.5
002907,1.5
002092,1.5
300626,1.5
300731,1.5
002890,1.5
002887,1.5
002879,1.5
002886,1.5
002885,1.5
002883,1.5
600007,1.5
300476,1.5
603197,1.5
300672,1.5
300690,1.5
600231,1.5
603200,1.5
603226,1.5
603993,1.5
300174,1.5
600563,1.5
603912,1.5
603848,1.5
603809,1.5
600681,1.5
603331,1.5
603660,1.5
300687,1.5
603639,1.5
603619,1.5
603365,1.5
603605,1.5
603496,1.5
000403,1.5
300237,1.5
600409,1.5
603043,1.5
300725,1.5
600742,1.5
600319,1.5
300722,1.5
300072,1.5
000983,1.5
603079,1.5
603080,1.5
300669,1.5
300726,1.5
600438,1.5
002012,1.5
603136,1.5
000518,1.5
600703,1.4
300729,1.4
600167,1.4
600487,1.4
300735,1.4
600581,1.4
600507,1.4
600025,1.4
600054,1.4
600559,1.4
300721,1.4
600529,1.4
600522,1.4
600460,1.4
300567,1.4
300633,1.4
600971,1.4
002085,1.4
002120,1.4
002230,1.4
603917,1.4
002252,1.4
300197,1.4
002281,1.4
300680,1.4
603825,1.4
300642,1.4
603757,1.4
603730,1.4
002921,1.4
603685,1.4
002917,1.4
002913,1.4
603938,1.4
002080,1.4
002873,1.4
300677,1.4
000708,1.4
000913,1.4
000921,1.4
000932,1.4
000951,1.4
000968,1.4
001965,1.4
300663,1.4
000429,1.4
300661,1.4
000063,1.4
000022,1.4
000011,1.4
002056,1.4
300659,1.4
002884,1.4
002920,1.4
603536,1.4
002840,1.4
601012,1.4
002726,1.4
002773,1.4
002601,1.4
002586,1.4
002562,1.4
601668,1.4
603083,1.4
603086,1.4
603111,1.4
002864,1.4
603165,1.4
603228,1.4
002832,1.4
002450,1.4
603477,1.4
603501,1.4
002384,1.4
002340,1.4
603458,1.4
002365,1.4
002382,1.4
002833,1.3
300664,1.3
002511,1.3
601003,1.3
002918,1.3
600309,1.3
002008,1.3
600145,1.3
002310,1.3
300087,1.3
300723,1.3
300736,1.3
300662,1.3
002019,1.3
600260,1.3
600066,1.3
002485,1.3
300618,1.3
002054,1.3
002475,1.3
002922,1.3
300733,1.3
002923,1.3
002411,1.3
600056,1.3
300607,1.3
300601,1.3
000799,1.3
000789,1.3
000786,1.3
600539,1.3
300176,1.3
300401,1.3
603387,1.3
300180,1.3
603890,1.3
603868,1.3
300355,1.3
603161,1.3
600622,1.3
603801,1.3
600816,1.3
300225,1.3
603233,1.3
603655,1.3
300258,1.3
603283,1.3
603589,1.3
300266,1.3
300685,1.3
603338,1.3
603429,1.3
603970,1.3
603096,1.3
601336,1.3
601601,1.3
000725,1.3
300122,1.3
000608,1.3
000596,1.3
601238,1.3
000488,1.3
300296,1.3
300673,1.3
300143,1.3
300142,1.3
603329,1.2
601100,1.2
002507,1.2
601155,1.2
603337,1.2
002408,1.2
300630,1.2
600779,1.2
002677,1.2
002427,1.2
600801,1.2
601828,1.2
002509,1.2
002451,1.2
002493,1.2
002572,1.2
600885,1.2
002422,1.2
601838,1.2
300684,1.2
600741,1.2
002313,1.2
000858,1.2
600345,1.2
300668,1.2
000661,1.2
000568,1.2
600298,1.2
000538,1.2
600486,1.2
002001,1.2
000423,1.2
300727,1.2
600521,1.2
000002,1.2
000001,1.2
600566,1.2
002212,1.2
300656,1.2
600196,1.2
300577,1.2
600183,1.2
002294,1.2
600176,1.2
603707,1.2
000732,1.2
600702,1.2
002915,1.2
300487,1.2
603579,1.2
002742,1.2
300732,1.1
600000,1.1
603799,1.1
603032,1.1
601288,1.1
601318,1.1
601398,1.1
601636,1.1
601699,1.1
601888,1.1
601933,1.1
601939,1.1
600048,1.1
603833,1.1
603180,1.1
603286,1.1
603288,1.1
300572,1.1
600036,1.1
603595,1.1
600028,1.1
600019,1.1
601233,1.1
601088,1.1
601009,1.1
600104,1.1
600276,1.1
600346,1.1
600377,1.1
600383,1.1
600426,1.1
600436,1.1
600519,1.1
600585,1.1
600660,1.1
600690,1.1
600740,1.1
600782,1.1
600809,1.1
600867,1.1
600872,1.1
600887,1.1
600900,1.1
600197,1.1
600258,1.1
002032,1.1
002856,1.1
002050,1.1
603895,1.1
002110,1.1
002142,1.1
002258,1.1
002271,1.1
002304,1.1
002311,1.1
002359,1.1
002372,1.1
002415,1.1
002508,1.1
002597,1.1
002656,1.1
002714,1.1
002035,1.1
002925,1.1
001979,1.1
000513,1.1
603986,1.1
000333,1.1
000338,1.1
000418,1.1
300308,1.1
000426,1.1
000537,1.1
000963,1.1
000651,1.1
300015,1.1
000703,1.1
000830,1.1
000895,1.1
300738,1.0
600009,1.0
002078,1.0
300737,1.0
600004,1.0
603056,1.0
603356,1.0
300624,1.0
300739,0.0
603506,0.0
600901,0.0
603156,0.0
603516,0.0
603709,0.0
603712,0.0
603871,0.0
300644,0.0
002926,0.0
002927,0.0
300740,0.0
